[{"pk": 1, "model": "contenttypes.contenttype", "fields": {"model": "permission", "name": "permission", "app_label": "auth"}}, {"pk": 2, "model": "contenttypes.contenttype", "fields": {"model": "group", "name": "group", "app_label": "auth"}}, {"pk": 3, "model": "contenttypes.contenttype", "fields": {"model": "user", "name": "user", "app_label": "auth"}}, {"pk": 4, "model": "contenttypes.contenttype", "fields": {"model": "contenttype", "name": "content type", "app_label": "contenttypes"}}, {"pk": 5, "model": "contenttypes.contenttype", "fields": {"model": "session", "name": "session", "app_label": "sessions"}}, {"pk": 6, "model": "contenttypes.contenttype", "fields": {"model": "site", "name": "site", "app_label": "sites"}}, {"pk": 7, "model": "contenttypes.contenttype", "fields": {"model": "solicitud", "name": "solicitud", "app_label": "app_solicitudes"}}, {"pk": 8, "model": "contenttypes.contenttype", "fields": {"model": "paciente", "name": "paciente", "app_label": "app_paciente"}}, {"pk": 9, "model": "contenttypes.contenttype", "fields": {"model": "usuario", "name": "user", "app_label": "app_usuario"}}, {"pk": 10, "model": "contenttypes.contenttype", "fields": {"model": "medico", "name": "Medico", "app_label": "app_usuario"}}, {"pk": 11, "model": "contenttypes.contenttype", "fields": {"model": "historicalhabitacion", "name": "historical habitacion", "app_label": "app_camas"}}, {"pk": 12, "model": "contenttypes.contenttype", "fields": {"model": "habitacion", "name": "habitacion", "app_label": "app_camas"}}, {"pk": 13, "model": "contenttypes.contenttype", "fields": {"model": "historicalingreso", "name": "historical ingreso", "app_label": "app_camas"}}, {"pk": 14, "model": "contenttypes.contenttype", "fields": {"model": "ingreso", "name": "ingreso", "app_label": "app_camas"}}, {"pk": 15, "model": "contenttypes.contenttype", "fields": {"model": "termometro", "name": "termometro", "app_label": "app_estadisticas"}}, {"pk": 16, "model": "contenttypes.contenttype", "fields": {"model": "migrationhistory", "name": "migration history", "app_label": "south"}}, {"pk": 17, "model": "contenttypes.contenttype", "fields": {"model": "logentry", "name": "log entry", "app_label": "admin"}}, {"pk": "iuhg3y15jrrcet3pftcbvd3lvol6jcdg", "model": "sessions.session", "fields": {"expire_date": "2014-06-29T21:39:08.805", "session_data": "MTg4OWNkMDBhYjU0NjBjNjJmZjYyNGZlNTYwYTJlNzU4YWRkMjAyMzp7Il9hdXRoX3VzZXJfYmFja2VuZCI6ImRqYW5nby5jb250cmliLmF1dGguYmFja2VuZHMuTW9kZWxCYWNrZW5kIiwiX2F1dGhfdXNlcl9pZCI6MX0="}}, {"pk": 1, "model": "sites.site", "fields": {"domain": "example.com", "name": "example.com"}}, {"pk": 1, "model": "app_paciente.paciente", "fields": {"fecha_ingreso_institucion": "2014-06-15", "fecha_nacimiento": "2014-06-15", "foto": "/static/img/pacientes/person.gif", "nombres": "1", "num_historia": 1, "sexo": "M", "apellidos": "1", "tipo_cedula": "V", "cedula": 1}}, {"pk": 2, "model": "app_paciente.paciente", "fields": {"fecha_ingreso_institucion": "2014-06-15", "fecha_nacimiento": "2014-06-15", "foto": "/static/img/pacientes/person.gif", "nombres": "2", "num_historia": 2, "sexo": "M", "apellidos": "2", "tipo_cedula": "V", "cedula": 2}}, {"pk": 3, "model": "app_paciente.paciente", "fields": {"fecha_ingreso_institucion": "2014-06-15", "fecha_nacimiento": "2014-06-15", "foto": "/static/img/pacientes/person.gif", "nombres": "3", "num_historia": 3, "sexo": "M", "apellidos": "3", "tipo_cedula": "V", "cedula": 3}}, {"pk": 1, "model": "app_camas.habitacion", "fields": {"tipo": "H", "numero": "200", "libre": true, "reservada": false, "estado": "L", "razon": ""}}, {"pk": 2, "model": "app_camas.habitacion", "fields": {"tipo": "H", "numero": "201", "libre": true, "reservada": false, "estado": "A", "razon": ""}}, {"pk": 3, "model": "app_camas.habitacion", "fields": {"tipo": "H", "numero": "202", "libre": true, "reservada": false, "estado": "O", "razon": ""}}, {"pk": 4, "model": "app_camas.habitacion", "fields": {"tipo": "H", "numero": "203", "libre": true, "reservada": false, "estado": "D", "razon": ""}}, {"pk": 5, "model": "app_camas.habitacion", "fields": {"tipo": "H", "numero": "204", "libre": true, "reservada": false, "estado": "O", "razon": ""}}, {"pk": 6, "model": "app_camas.habitacion", "fields": {"tipo": "H", "numero": "205", "libre": true, "reservada": false, "estado": "D", "razon": ""}}, {"pk": 7, "model": "app_camas.habitacion", "fields": {"tipo": "H", "numero": "206", "libre": true, "reservada": false, "estado": "D", "razon": ""}}, {"pk": 8, "model": "app_camas.habitacion", "fields": {"tipo": "H", "numero": "207", "libre": true, "reservada": false, "estado": "D", "razon": ""}}, {"pk": 9, "model": "app_camas.habitacion", "fields": {"tipo": "H", "numero": "208", "libre": true, "reservada": false, "estado": "D", "razon": ""}}, {"pk": 10, "model": "app_camas.habitacion", "fields": {"tipo": "H", "numero": "209", "libre": true, "reservada": false, "estado": "D", "razon": ""}}, {"pk": 11, "model": "app_camas.habitacion", "fields": {"tipo": "H", "numero": "210", "libre": true, "reservada": false, "estado": "D", "razon": ""}}, {"pk": 12, "model": "app_camas.habitacion", "fields": {"tipo": "H", "numero": "211", "libre": true, "reservada": false, "estado": "D", "razon": ""}}, {"pk": 13, "model": "app_camas.habitacion", "fields": {"tipo": "H", "numero": "212", "libre": true, "reservada": false, "estado": "D", "razon": ""}}, {"pk": 14, "model": "app_camas.habitacion", "fields": {"tipo": "H", "numero": "213", "libre": true, "reservada": false, "estado": "D", "razon": ""}}, {"pk": 15, "model": "app_camas.habitacion", "fields": {"tipo": "H", "numero": "214", "libre": true, "reservada": false, "estado": "D", "razon": ""}}, {"pk": 16, "model": "app_camas.habitacion", "fields": {"tipo": "H", "numero": "215", "libre": true, "reservada": false, "estado": "D", "razon": ""}}, {"pk": 17, "model": "app_camas.habitacion", "fields": {"tipo": "H", "numero": "216", "libre": true, "reservada": false, "estado": "D", "razon": ""}}, {"pk": 18, "model": "app_camas.habitacion", "fields": {"tipo": "H", "numero": "217", "libre": true, "reservada": false, "estado": "D", "razon": ""}}, {"pk": 19, "model": "app_camas.habitacion", "fields": {"tipo": "H", "numero": "218", "libre": true, "reservada": false, "estado": "D", "razon": ""}}, {"pk": 20, "model": "app_camas.habitacion", "fields": {"tipo": "H", "numero": "219", "libre": true, "reservada": false, "estado": "D", "razon": ""}}, {"pk": 21, "model": "app_camas.habitacion", "fields": {"tipo": "H", "numero": "220", "libre": true, "reservada": false, "estado": "D", "razon": ""}}, {"pk": 22, "model": "app_camas.habitacion", "fields": {"tipo": "H", "numero": "221", "libre": true, "reservada": false, "estado": "D", "razon": ""}}, {"pk": 23, "model": "app_camas.habitacion", "fields": {"tipo": "H", "numero": "222", "libre": true, "reservada": false, "estado": "O", "razon": ""}}, {"pk": 24, "model": "app_camas.habitacion", "fields": {"tipo": "H", "numero": "223", "libre": true, "reservada": false, "estado": "D", "razon": ""}}, {"pk": 25, "model": "app_camas.habitacion", "fields": {"tipo": "H", "numero": "224", "libre": true, "reservada": false, "estado": "D", "razon": ""}}, {"pk": 26, "model": "app_camas.habitacion", "fields": {"tipo": "H", "numero": "225", "libre": true, "reservada": false, "estado": "D", "razon": ""}}, {"pk": 27, "model": "app_camas.habitacion", "fields": {"tipo": "H", "numero": "226", "libre": true, "reservada": false, "estado": "D", "razon": ""}}, {"pk": 28, "model": "app_camas.habitacion", "fields": {"tipo": "H", "numero": "227", "libre": true, "reservada": false, "estado": "D", "razon": ""}}, {"pk": 29, "model": "app_camas.habitacion", "fields": {"tipo": "H", "numero": "228", "libre": true, "reservada": false, "estado": "D", "razon": ""}}, {"pk": 30, "model": "app_camas.habitacion", "fields": {"tipo": "H", "numero": "229", "libre": true, "reservada": false, "estado": "D", "razon": ""}}, {"pk": 31, "model": "app_camas.habitacion", "fields": {"tipo": "H", "numero": "230", "libre": true, "reservada": false, "estado": "D", "razon": ""}}, {"pk": 32, "model": "app_camas.habitacion", "fields": {"tipo": "H", "numero": "231", "libre": true, "reservada": false, "estado": "D", "razon": ""}}, {"pk": 33, "model": "app_camas.habitacion", "fields": {"tipo": "H", "numero": "232", "libre": true, "reservada": false, "estado": "D", "razon": ""}}, {"pk": 34, "model": "app_camas.habitacion", "fields": {"tipo": "H", "numero": "233", "libre": true, "reservada": false, "estado": "D", "razon": ""}}, {"pk": 35, "model": "app_camas.habitacion", "fields": {"tipo": "H", "numero": "234", "libre": true, "reservada": false, "estado": "D", "razon": ""}}, {"pk": 36, "model": "app_camas.habitacion", "fields": {"tipo": "H", "numero": "235", "libre": true, "reservada": false, "estado": "D", "razon": ""}}, {"pk": 37, "model": "app_camas.habitacion", "fields": {"tipo": "H", "numero": "236", "libre": true, "reservada": false, "estado": "D", "razon": ""}}, {"pk": 38, "model": "app_camas.habitacion", "fields": {"tipo": "H", "numero": "237", "libre": true, "reservada": false, "estado": "D", "razon": ""}}, {"pk": 39, "model": "app_camas.habitacion", "fields": {"tipo": "H", "numero": "300", "libre": true, "reservada": false, "estado": "D", "razon": ""}}, {"pk": 40, "model": "app_camas.habitacion", "fields": {"tipo": "H", "numero": "301", "libre": true, "reservada": false, "estado": "D", "razon": ""}}, {"pk": 41, "model": "app_camas.habitacion", "fields": {"tipo": "H", "numero": "302", "libre": true, "reservada": false, "estado": "D", "razon": ""}}, {"pk": 42, "model": "app_camas.habitacion", "fields": {"tipo": "H", "numero": "303", "libre": true, "reservada": false, "estado": "D", "razon": ""}}, {"pk": 43, "model": "app_camas.habitacion", "fields": {"tipo": "H", "numero": "304", "libre": true, "reservada": false, "estado": "D", "razon": ""}}, {"pk": 44, "model": "app_camas.habitacion", "fields": {"tipo": "H", "numero": "305", "libre": true, "reservada": false, "estado": "D", "razon": ""}}, {"pk": 45, "model": "app_camas.habitacion", "fields": {"tipo": "H", "numero": "306", "libre": true, "reservada": false, "estado": "D", "razon": ""}}, {"pk": 46, "model": "app_camas.habitacion", "fields": {"tipo": "H", "numero": "307", "libre": true, "reservada": false, "estado": "D", "razon": ""}}, {"pk": 47, "model": "app_camas.habitacion", "fields": {"tipo": "H", "numero": "308", "libre": true, "reservada": false, "estado": "D", "razon": ""}}, {"pk": 48, "model": "app_camas.habitacion", "fields": {"tipo": "H", "numero": "309", "libre": true, "reservada": false, "estado": "D", "razon": ""}}, {"pk": 49, "model": "app_camas.habitacion", "fields": {"tipo": "H", "numero": "310", "libre": true, "reservada": false, "estado": "D", "razon": ""}}, {"pk": 50, "model": "app_camas.habitacion", "fields": {"tipo": "H", "numero": "311", "libre": true, "reservada": false, "estado": "D", "razon": ""}}, {"pk": 51, "model": "app_camas.habitacion", "fields": {"tipo": "H", "numero": "312A", "libre": true, "reservada": false, "estado": "D", "razon": ""}}, {"pk": 52, "model": "app_camas.habitacion", "fields": {"tipo": "H", "numero": "313", "libre": true, "reservada": false, "estado": "D", "razon": ""}}, {"pk": 53, "model": "app_camas.habitacion", "fields": {"tipo": "H", "numero": "314A", "libre": true, "reservada": false, "estado": "D", "razon": ""}}, {"pk": 54, "model": "app_camas.habitacion", "fields": {"tipo": "H", "numero": "315", "libre": true, "reservada": false, "estado": "D", "razon": ""}}, {"pk": 55, "model": "app_camas.habitacion", "fields": {"tipo": "H", "numero": "316", "libre": true, "reservada": false, "estado": "D", "razon": ""}}, {"pk": 56, "model": "app_camas.habitacion", "fields": {"tipo": "H", "numero": "317", "libre": true, "reservada": false, "estado": "M", "razon": ""}}, {"pk": 57, "model": "app_camas.habitacion", "fields": {"tipo": "H", "numero": "318", "libre": true, "reservada": false, "estado": "D", "razon": ""}}, {"pk": 58, "model": "app_camas.habitacion", "fields": {"tipo": "H", "numero": "319", "libre": true, "reservada": false, "estado": "D", "razon": ""}}, {"pk": 59, "model": "app_camas.habitacion", "fields": {"tipo": "H", "numero": "320", "libre": true, "reservada": false, "estado": "D", "razon": ""}}, {"pk": 60, "model": "app_camas.habitacion", "fields": {"tipo": "H", "numero": "321", "libre": true, "reservada": false, "estado": "D", "razon": ""}}, {"pk": 61, "model": "app_camas.habitacion", "fields": {"tipo": "H", "numero": "322", "libre": true, "reservada": false, "estado": "D", "razon": ""}}, {"pk": 62, "model": "app_camas.habitacion", "fields": {"tipo": "H", "numero": "323", "libre": true, "reservada": false, "estado": "D", "razon": ""}}, {"pk": 63, "model": "app_camas.habitacion", "fields": {"tipo": "H", "numero": "324", "libre": true, "reservada": false, "estado": "D", "razon": ""}}, {"pk": 64, "model": "app_camas.habitacion", "fields": {"tipo": "H", "numero": "325", "libre": true, "reservada": false, "estado": "A", "razon": ""}}, {"pk": 65, "model": "app_camas.habitacion", "fields": {"tipo": "H", "numero": "326", "libre": true, "reservada": false, "estado": "D", "razon": ""}}, {"pk": 66, "model": "app_camas.habitacion", "fields": {"tipo": "H", "numero": "327", "libre": true, "reservada": false, "estado": "D", "razon": ""}}, {"pk": 67, "model": "app_camas.habitacion", "fields": {"tipo": "H", "numero": "328", "libre": true, "reservada": false, "estado": "D", "razon": ""}}, {"pk": 68, "model": "app_camas.habitacion", "fields": {"tipo": "H", "numero": "329", "libre": true, "reservada": false, "estado": "D", "razon": ""}}, {"pk": 69, "model": "app_camas.habitacion", "fields": {"tipo": "H", "numero": "330", "libre": true, "reservada": false, "estado": "D", "razon": ""}}, {"pk": 70, "model": "app_camas.habitacion", "fields": {"tipo": "H", "numero": "331", "libre": true, "reservada": false, "estado": "D", "razon": ""}}, {"pk": 71, "model": "app_camas.habitacion", "fields": {"tipo": "H", "numero": "332", "libre": true, "reservada": false, "estado": "D", "razon": ""}}, {"pk": 72, "model": "app_camas.habitacion", "fields": {"tipo": "H", "numero": "312B", "libre": true, "reservada": false, "estado": "D", "razon": ""}}, {"pk": 73, "model": "app_camas.habitacion", "fields": {"tipo": "H", "numero": "314B", "libre": true, "reservada": false, "estado": "D", "razon": ""}}, {"pk": 1, "model": "app_camas.ingreso", "fields": {"alta": false, "fecha_ingreso": "2014-06-15", "paciente": 1, "habitacion": 1, "solicitud": 1}}, {"pk": 2, "model": "app_camas.ingreso", "fields": {"alta": false, "fecha_ingreso": "2014-06-15", "paciente": 2, "habitacion": 3, "solicitud": 2}}, {"pk": 3, "model": "app_camas.ingreso", "fields": {"alta": false, "fecha_ingreso": "2014-06-15", "paciente": 3, "habitacion": 5, "solicitud": 3}}, {"pk": 1, "model": "auth.permission", "fields": {"codename": "add_permission", "name": "Can add permission", "content_type": 1}}, {"pk": 2, "model": "auth.permission", "fields": {"codename": "change_permission", "name": "Can change permission", "content_type": 1}}, {"pk": 3, "model": "auth.permission", "fields": {"codename": "delete_permission", "name": "Can delete permission", "content_type": 1}}, {"pk": 4, "model": "auth.permission", "fields": {"codename": "add_group", "name": "Can add group", "content_type": 2}}, {"pk": 5, "model": "auth.permission", "fields": {"codename": "change_group", "name": "Can change group", "content_type": 2}}, {"pk": 6, "model": "auth.permission", "fields": {"codename": "delete_group", "name": "Can delete group", "content_type": 2}}, {"pk": 7, "model": "auth.permission", "fields": {"codename": "add_user", "name": "Can add user", "content_type": 3}}, {"pk": 8, "model": "auth.permission", "fields": {"codename": "change_user", "name": "Can change user", "content_type": 3}}, {"pk": 9, "model": "auth.permission", "fields": {"codename": "delete_user", "name": "Can delete user", "content_type": 3}}, {"pk": 10, "model": "auth.permission", "fields": {"codename": "add_contenttype", "name": "Can add content type", "content_type": 4}}, {"pk": 11, "model": "auth.permission", "fields": {"codename": "change_contenttype", "name": "Can change content type", "content_type": 4}}, {"pk": 12, "model": "auth.permission", "fields": {"codename": "delete_contenttype", "name": "Can delete content type", "content_type": 4}}, {"pk": 13, "model": "auth.permission", "fields": {"codename": "add_session", "name": "Can add session", "content_type": 5}}, {"pk": 14, "model": "auth.permission", "fields": {"codename": "change_session", "name": "Can change session", "content_type": 5}}, {"pk": 15, "model": "auth.permission", "fields": {"codename": "delete_session", "name": "Can delete session", "content_type": 5}}, {"pk": 16, "model": "auth.permission", "fields": {"codename": "add_site", "name": "Can add site", "content_type": 6}}, {"pk": 17, "model": "auth.permission", "fields": {"codename": "change_site", "name": "Can change site", "content_type": 6}}, {"pk": 18, "model": "auth.permission", "fields": {"codename": "delete_site", "name": "Can delete site", "content_type": 6}}, {"pk": 19, "model": "auth.permission", "fields": {"codename": "add_solicitud", "name": "Can add solicitud", "content_type": 7}}, {"pk": 20, "model": "auth.permission", "fields": {"codename": "change_solicitud", "name": "Can change solicitud", "content_type": 7}}, {"pk": 21, "model": "auth.permission", "fields": {"codename": "delete_solicitud", "name": "Can delete solicitud", "content_type": 7}}, {"pk": 22, "model": "auth.permission", "fields": {"codename": "add_paciente", "name": "Can add paciente", "content_type": 8}}, {"pk": 23, "model": "auth.permission", "fields": {"codename": "change_paciente", "name": "Can change paciente", "content_type": 8}}, {"pk": 24, "model": "auth.permission", "fields": {"codename": "delete_paciente", "name": "Can delete paciente", "content_type": 8}}, {"pk": 25, "model": "auth.permission", "fields": {"codename": "add_usuario", "name": "Can add user", "content_type": 9}}, {"pk": 26, "model": "auth.permission", "fields": {"codename": "change_usuario", "name": "Can change user", "content_type": 9}}, {"pk": 27, "model": "auth.permission", "fields": {"codename": "delete_usuario", "name": "Can delete user", "content_type": 9}}, {"pk": 28, "model": "auth.permission", "fields": {"codename": "add_medico", "name": "Can add Medico", "content_type": 10}}, {"pk": 29, "model": "auth.permission", "fields": {"codename": "change_medico", "name": "Can change Medico", "content_type": 10}}, {"pk": 30, "model": "auth.permission", "fields": {"codename": "delete_medico", "name": "Can delete Medico", "content_type": 10}}, {"pk": 31, "model": "auth.permission", "fields": {"codename": "add_historicalhabitacion", "name": "Can add historical habitacion", "content_type": 11}}, {"pk": 32, "model": "auth.permission", "fields": {"codename": "change_historicalhabitacion", "name": "Can change historical habitacion", "content_type": 11}}, {"pk": 33, "model": "auth.permission", "fields": {"codename": "delete_historicalhabitacion", "name": "Can delete historical habitacion", "content_type": 11}}, {"pk": 34, "model": "auth.permission", "fields": {"codename": "add_habitacion", "name": "Can add habitacion", "content_type": 12}}, {"pk": 35, "model": "auth.permission", "fields": {"codename": "change_habitacion", "name": "Can change habitacion", "content_type": 12}}, {"pk": 36, "model": "auth.permission", "fields": {"codename": "delete_habitacion", "name": "Can delete habitacion", "content_type": 12}}, {"pk": 37, "model": "auth.permission", "fields": {"codename": "add_historicalingreso", "name": "Can add historical ingreso", "content_type": 13}}, {"pk": 38, "model": "auth.permission", "fields": {"codename": "change_historicalingreso", "name": "Can change historical ingreso", "content_type": 13}}, {"pk": 39, "model": "auth.permission", "fields": {"codename": "delete_historicalingreso", "name": "Can delete historical ingreso", "content_type": 13}}, {"pk": 40, "model": "auth.permission", "fields": {"codename": "add_ingreso", "name": "Can add ingreso", "content_type": 14}}, {"pk": 41, "model": "auth.permission", "fields": {"codename": "change_ingreso", "name": "Can change ingreso", "content_type": 14}}, {"pk": 42, "model": "auth.permission", "fields": {"codename": "delete_ingreso", "name": "Can delete ingreso", "content_type": 14}}, {"pk": 43, "model": "auth.permission", "fields": {"codename": "add_termometro", "name": "Can add termometro", "content_type": 15}}, {"pk": 44, "model": "auth.permission", "fields": {"codename": "change_termometro", "name": "Can change termometro", "content_type": 15}}, {"pk": 45, "model": "auth.permission", "fields": {"codename": "delete_termometro", "name": "Can delete termometro", "content_type": 15}}, {"pk": 46, "model": "auth.permission", "fields": {"codename": "add_migrationhistory", "name": "Can add migration history", "content_type": 16}}, {"pk": 47, "model": "auth.permission", "fields": {"codename": "change_migrationhistory", "name": "Can change migration history", "content_type": 16}}, {"pk": 48, "model": "auth.permission", "fields": {"codename": "delete_migrationhistory", "name": "Can delete migration history", "content_type": 16}}, {"pk": 49, "model": "auth.permission", "fields": {"codename": "add_logentry", "name": "Can add log entry", "content_type": 17}}, {"pk": 50, "model": "auth.permission", "fields": {"codename": "change_logentry", "name": "Can change log entry", "content_type": 17}}, {"pk": 51, "model": "auth.permission", "fields": {"codename": "delete_logentry", "name": "Can delete log entry", "content_type": 17}}, {"pk": 1, "model": "auth.user", "fields": {"username": "leo", "first_name": "", "last_name": "", "is_active": true, "is_superuser": true, "is_staff": true, "last_login": "2014-06-15T21:39:08.798", "groups": [], "user_permissions": [], "password": "pbkdf2_sha256$12000$9TgFyViYgV0O$QuiZa5RhVbPpk6da+tSi8tEkQ/qgpYmU0VZEYlqVbs4=", "email": "asd@asd.com", "date_joined": "2014-06-15T21:38:28.319"}}, {"pk": 2, "model": "auth.user", "fields": {"username": "d1", "first_name": "d1", "last_name": "d1", "is_active": true, "is_superuser": false, "is_staff": false, "last_login": "2014-06-15T21:41:13", "groups": [], "user_permissions": [], "password": "asdasd", "email": "", "date_joined": "2014-06-15T21:41:13"}}, {"pk": 3, "model": "auth.user", "fields": {"username": "d2", "first_name": "d2", "last_name": "d2", "is_active": true, "is_superuser": false, "is_staff": false, "last_login": "2014-06-15T21:41:34", "groups": [], "user_permissions": [], "password": "asdasd", "email": "", "date_joined": "2014-06-15T21:41:34"}}, {"pk": 4, "model": "auth.user", "fields": {"username": "d3", "first_name": "d3", "last_name": "d3", "is_active": true, "is_superuser": false, "is_staff": false, "last_login": "2014-06-15T21:41:45", "groups": [], "user_permissions": [], "password": "asdasd", "email": "", "date_joined": "2014-06-15T21:41:45"}}, {"pk": 2, "model": "app_usuario.usuario", "fields": {"user_permissions": [], "groups": [], "tipo": "M"}}, {"pk": 3, "model": "app_usuario.usuario", "fields": {"user_permissions": [], "groups": [], "tipo": "M"}}, {"pk": 4, "model": "app_usuario.usuario", "fields": {"user_permissions": [], "groups": [], "tipo": "M"}}, {"pk": 2, "model": "app_usuario.medico", "fields": {"user_permissions": [], "codigo": 1, "groups": []}}, {"pk": 3, "model": "app_usuario.medico", "fields": {"user_permissions": [], "codigo": 2, "groups": []}}, {"pk": 4, "model": "app_usuario.medico", "fields": {"user_permissions": [], "codigo": 3, "groups": []}}, {"pk": 1, "model": "app_camas.historicalhabitacion", "fields": {"history_type": "~", "tipo": "H", "numero": "200", "razon": "", "libre": true, "reservada": false, "history_user": null, "estado": "O", "id": 1, "history_date": "2014-06-15T21:43:44.756"}}, {"pk": 2, "model": "app_camas.historicalhabitacion", "fields": {"history_type": "~", "tipo": "H", "numero": "202", "razon": "", "libre": true, "reservada": false, "history_user": null, "estado": "O", "id": 3, "history_date": "2014-06-15T21:43:44.768"}}, {"pk": 3, "model": "app_camas.historicalhabitacion", "fields": {"history_type": "~", "tipo": "H", "numero": "204", "razon": "", "libre": true, "reservada": false, "history_user": null, "estado": "O", "id": 5, "history_date": "2014-06-15T21:43:44.834"}}, {"pk": 4, "model": "app_camas.historicalhabitacion", "fields": {"history_type": "~", "tipo": "H", "numero": "200", "razon": "", "libre": true, "reservada": false, "history_user": 1, "estado": "L", "id": 1, "history_date": "2014-06-15T21:45:17.188"}}, {"pk": 5, "model": "app_camas.historicalhabitacion", "fields": {"history_type": "~", "tipo": "H", "numero": "200", "razon": "", "libre": true, "reservada": false, "history_user": 1, "estado": "A", "id": 1, "history_date": "2014-06-15T21:45:25.541"}}, {"pk": 6, "model": "app_camas.historicalhabitacion", "fields": {"history_type": "~", "tipo": "H", "numero": "200", "razon": "", "libre": true, "reservada": false, "history_user": 1, "estado": "M", "id": 1, "history_date": "2014-06-15T21:45:33.957"}}, {"pk": 7, "model": "app_camas.historicalhabitacion", "fields": {"history_type": "~", "tipo": "H", "numero": "200", "razon": "", "libre": true, "reservada": false, "history_user": 1, "estado": "L", "id": 1, "history_date": "2014-06-15T21:45:40.173"}}, {"pk": 8, "model": "app_camas.historicalhabitacion", "fields": {"history_type": "~", "tipo": "H", "numero": "201", "razon": "", "libre": true, "reservada": false, "history_user": 1, "estado": "A", "id": 2, "history_date": "2014-06-15T21:46:38.304"}}, {"pk": 9, "model": "app_camas.historicalhabitacion", "fields": {"history_type": "~", "tipo": "H", "numero": "222", "razon": "", "libre": true, "reservada": false, "history_user": 1, "estado": "O", "id": 23, "history_date": "2014-06-15T21:46:58.526"}}, {"pk": 10, "model": "app_camas.historicalhabitacion", "fields": {"history_type": "~", "tipo": "H", "numero": "325", "razon": "", "libre": true, "reservada": false, "history_user": 1, "estado": "A", "id": 64, "history_date": "2014-06-15T21:47:08.603"}}, {"pk": 11, "model": "app_camas.historicalhabitacion", "fields": {"history_type": "~", "tipo": "H", "numero": "317", "razon": "", "libre": true, "reservada": false, "history_user": 1, "estado": "M", "id": 56, "history_date": "2014-06-15T21:47:13.106"}}, {"pk": 1, "model": "app_camas.historicalingreso", "fields": {"history_type": "+", "paciente_id": 1, "alta": false, "solicitud_id": 1, "fecha_ingreso": "2014-06-15", "habitacion_id": 1, "history_user": null, "id": 1, "history_date": "2014-06-15T21:43:44.749"}}, {"pk": 2, "model": "app_camas.historicalingreso", "fields": {"history_type": "+", "paciente_id": 2, "alta": false, "solicitud_id": 2, "fecha_ingreso": "2014-06-15", "habitacion_id": 3, "history_user": null, "id": 2, "history_date": "2014-06-15T21:43:44.765"}}, {"pk": 3, "model": "app_camas.historicalingreso", "fields": {"history_type": "+", "paciente_id": 3, "alta": false, "solicitud_id": 3, "fecha_ingreso": "2014-06-15", "habitacion_id": 5, "history_user": null, "id": 3, "history_date": "2014-06-15T21:43:44.828"}}, {"pk": 1, "model": "admin.logentry", "fields": {"action_flag": 1, "action_time": "2014-06-15T21:40:36.059", "object_repr": "1, 1", "object_id": "1", "change_message": "", "user": 1, "content_type": 8}}, {"pk": 2, "model": "admin.logentry", "fields": {"action_flag": 1, "action_time": "2014-06-15T21:40:42.589", "object_repr": "2, 2", "object_id": "2", "change_message": "", "user": 1, "content_type": 8}}, {"pk": 3, "model": "admin.logentry", "fields": {"action_flag": 1, "action_time": "2014-06-15T21:40:49.180", "object_repr": "3, 3", "object_id": "3", "change_message": "", "user": 1, "content_type": 8}}, {"pk": 4, "model": "admin.logentry", "fields": {"action_flag": 1, "action_time": "2014-06-15T21:41:34.099", "object_repr": "d1, d1 (001)", "object_id": "2", "change_message": "", "user": 1, "content_type": 10}}, {"pk": 5, "model": "admin.logentry", "fields": {"action_flag": 1, "action_time": "2014-06-15T21:41:45.651", "object_repr": "d2, d2 (002)", "object_id": "3", "change_message": "", "user": 1, "content_type": 10}}, {"pk": 6, "model": "admin.logentry", "fields": {"action_flag": 1, "action_time": "2014-06-15T21:41:54.059", "object_repr": "d3, d3 (003)", "object_id": "4", "change_message": "", "user": 1, "content_type": 10}}, {"pk": 7, "model": "admin.logentry", "fields": {"action_flag": 2, "action_time": "2014-06-15T21:45:17.189", "object_repr": "200", "object_id": "1", "change_message": "Modificado/a estado.", "user": 1, "content_type": 12}}, {"pk": 8, "model": "admin.logentry", "fields": {"action_flag": 2, "action_time": "2014-06-15T21:45:25.542", "object_repr": "200", "object_id": "1", "change_message": "Modificado/a estado.", "user": 1, "content_type": 12}}, {"pk": 9, "model": "admin.logentry", "fields": {"action_flag": 2, "action_time": "2014-06-15T21:45:33.958", "object_repr": "200", "object_id": "1", "change_message": "Modificado/a estado.", "user": 1, "content_type": 12}}, {"pk": 10, "model": "admin.logentry", "fields": {"action_flag": 2, "action_time": "2014-06-15T21:45:40.174", "object_repr": "200", "object_id": "1", "change_message": "Modificado/a estado.", "user": 1, "content_type": 12}}, {"pk": 11, "model": "admin.logentry", "fields": {"action_flag": 2, "action_time": "2014-06-15T21:46:38.306", "object_repr": "201", "object_id": "2", "change_message": "Modificado/a estado.", "user": 1, "content_type": 12}}, {"pk": 12, "model": "admin.logentry", "fields": {"action_flag": 2, "action_time": "2014-06-15T21:46:58.528", "object_repr": "222", "object_id": "23", "change_message": "Modificado/a estado.", "user": 1, "content_type": 12}}, {"pk": 13, "model": "admin.logentry", "fields": {"action_flag": 2, "action_time": "2014-06-15T21:47:08.604", "object_repr": "325", "object_id": "64", "change_message": "Modificado/a estado.", "user": 1, "content_type": 12}}, {"pk": 14, "model": "admin.logentry", "fields": {"action_flag": 2, "action_time": "2014-06-15T21:47:13.107", "object_repr": "317", "object_id": "56", "change_message": "Modificado/a estado.", "user": 1, "content_type": 12}}, {"pk": 1, "model": "app_solicitudes.solicitud", "fields": {"correo": "ramosleo12@gmail.com", "medico": 2, "paciente": 1, "fecha_solicitud": "2014-06-15T21:42:23.684", "diagnostico": "Morira ...", "fecha_ingreso": "2014-06-15", "procedencia": 1, "fecha_salida": "2014-06-18", "observacion": "", "activa": false}}, {"pk": 2, "model": "app_solicitudes.solicitud", "fields": {"correo": "ramosleo12@gmail.com", "medico": 3, "paciente": 2, "fecha_solicitud": "2014-06-15T21:42:41.079", "diagnostico": "Morira ...", "fecha_ingreso": "2014-06-16", "procedencia": 1, "fecha_salida": "2014-06-17", "observacion": "", "activa": false}}, {"pk": 3, "model": "app_solicitudes.solicitud", "fields": {"correo": "ramosleo12@gmail.com", "medico": 4, "paciente": 3, "fecha_solicitud": "2014-06-15T21:42:54.271", "diagnostico": "Morira ...", "fecha_ingreso": "2014-06-16", "procedencia": 1, "fecha_salida": "2014-06-17", "observacion": "", "activa": false}}]